token,frequency
java,4319
javascript,2872
sql,2509
python,2033
css,1976
html,1896
mobile,1870
mysql,1771
git,1761
java developer,1733
infrastructure,1679
database,1639
rest,1538
c,1476
jquery,1465
security,1388
php,1385
spring,1245
json,1231
linux,1208
api,1159
html5,1086
xml,1061
devops,1056
hibernate,1050
web developer,987
debugging,946
problem solving,940
docker,937
j2ee,936
machine learning,923
oracle,892
ajax,864
algorithms,830
storage,807
spring boot,795
mvc,753
team player,731
nosql,711
software engineering,694
software engineer,674
bootstrap,669
big data,634
data structures,612
information technology,610
soap,601
mongodb,560
wordpress,543
.net,529
written communication,514
maven,506
web development,504
laravel,491
oops,491
ios,481
svn,469
network engineer,455
apache,444
web technologies,439
hadoop,424
windows,415
jsp,414
github,410
unix,396
angularjs,390
php developer,390
business analyst,358
solution architect,352
android developer,346
spring mvc,346
ios developer,345
junit,336
fundamentals,329
spring framework,329
node.js,328
rdbms,328
postgresql,323
swift,319
struts,317
technical skills,316
android sdk,313
rest api,312
android development,302
jpa,295
scala,293
eclipse,286
messaging,271
ruby,270
gradle,266
jdbc,265
artificial intelligence,261
codeigniter,260
cisco,252
oop,250
software developer,250
hardware,250
software design,245
mvvm,243
magento,242
memory management,240
cloud services,237
asp.net,233
project manager,233
cassandra,231
joomla,231
hive,230
network,225
crm,224
bug fixing,223
django,220
project management,219
orchestration,219
react.js,216
multithreading,207
data mining,204
cocoa touch,202
system administrator,201
san,199
java ee,198
object oriented programming,198
software development,195
uml,195
senior software engineer,191
data analyst,190
drupal,189
wan,188
data warehousing,184
bgp,184
ospf,184
telecom,178
servlets,174
networking,172
threading,170
graphics,169
testing,165
cloud computing,165
hardware engineer,160
ccna,160
system engineer,156
java programming,152
ios development,151
forms,151
mobile development,151
hosting,150
business analysis,149
jee,148
objective c,148
business requirements,145
switching,140
perl,139
xcode,138
web services,138
data entry,137
gateway,136
ant,136
application development,135
routing,135
android studio,133
protocols,132
ccnp,131
agile,128
lan,127
data entry operator,124
consultant,122
coding,120
firewall,120
shell scripting,119
jsf,114
routing protocols,114
network configuration maintenance,114
vpn,114
computer operator,113
dns,112
microsoft azure,111
hbase,107
sql database,107
soa,105
data analysis,105
web api,105
iphone,104
technical requirements,103
configuration,103
weblogic,103
aws,103
mockito,100
elastic search,100
operating system,100
middleware,99
spring security,99
project delivery,99
sybase,98
etl,98
websphere,97
natural language processing,96
visual studio,96
microsoft technologies,94
windows server,93
phonegap,92
entity framework,92
it hardware engineer,91
installation,91
leadership skills,91
zend,90
design patterns,90
sqlite,90
production support,89
global delivery,89
juniper,86
games,85
yii,85
network administrator,85
application performance,84
mpls,84
mvc framework,84
splunk,84
pmp,83
tableau,83
cakephp,82
system architecture,82
eigrp,81
j2ee technologies,81
groovy,81
technical support engineer,80
authoring,80
it manager,78
iam,77
use cases,77
web programming,75
image processing,75
technology consulting,74
ios sdk,74
senior network engineer,74
program management,73
database management,72
ipad,71
router,71
ipsec,71
salesforce,70
multimedia,70
computer science,70
data engineer,69
requirement gathering,69
hdfs,67
mvc architecture,67
cocoa,67
voip,67
project life cycle,66
dhcp,66
cli,66
c ++,66
grunt,66
information systems,65
computer engineering,65
data analytics,65
xamarin,65
mqtt,65
system administration,64
desktop support engineer,64
production environment,64
mobile application development,64
jira,63
brd,63
advanced java,63
soap web services,63
functional requirements,62
android,62
apache tomcat,62
security compliance,61
intellij,61
dashboards,60
troubleshooting,59
database administrator,59
data visualization,58
pig,57
cisco routers,57
data science,57
triggers,57
oozie,57
mobile applications,56
senior web developer,56
system admin,56
stp,55
user stories,55
implementation,55
desktop engineer,54
programming,54
ubuntu,54
software testing,54
mvp,53
ejb,53
operator,53
director,53
java script,53
mentor,53
lamp,53
hsrp,52
gwt,52
opencart,52
unit testing,52
business applications,52
project plan,52
business process,52
reporting tools,51
backup,51
vrrp,51
mobile phones,51
php programmer,51
test cases,51
bluetooth,51
vmware,51
web based applications,50
software requirements,50
technical support,49
sas,49
hardware network engineer,49
mapreduce,49
angular js,49
consulting,48
mobile application developer,48
cake,48
wicket,48
t sql,48
nexus,48
application developer,47
system development,47
angular,47
analyst,47
service oriented architecture,47
windows phone,47
shopify,46
logical thinking,46
testing tools,46
ioc,46
architecture,46
python scripting,45
teamcity,45
routing switching,45
j query,44
front end html,44
press,44
data extraction,44
exception handling,44
data quality,43
network monitoring,43
ccie,43
jquery mobile,43
ado.net,43
web designing,43
mining,42
programmer,42
business intelligence,42
manager it,42
embedded software,42
technology analyst,41
sso,41
openstack,41
j2me,41
symfony,41
com,41
ece,40
website development,40
cisco asa,40
information management,40
sdlc,40
jenkins,40
marketing,40
c programming,40
neo4j,40
database management system,39
azure,39
asr,39
senior business analyst,39
planning,39
functional specifications,39
vlan,39
change management,39
core php,39
service oriented,39
reports,39
accountant,39
dhtml,38
linq,38
microservices,38
impala,38
desktop,37
architect,37
nat,37
developer,37
usability,37
frd,36
lucene,36
office assistant,36
php web developer,36
maintenance,36
codeigniter my sql,36
sql server,36
material design,36
cloudera,35
mediation,35
safety,35
engineer,35
cache,35
extjs,35
gre,35
conference,35
camel,35
life cycle,35
core java,35
team management,34
computer hardware,34
windows store apps,34
ms world,34
informatica,34
production,34
hibernate framework,34
ionic framework,34
couchbase,34
xml parsing,34
service design,34
plsql,34
system manager,34
wlan,34
c#.net,34
database programming,34
xsd,33
it administrator,33
linux administration,33
software delivery,33
assistant manager,33
ipc,33
d3.js,33
excel,33
writing,33
active directory,33
database development,32
asp,32
visualization,32
communication skills,32
unix shell scripting,32
network infrastructure,32
socket programming,32
sockets,32
perforce,32
network administration,32
sharepoint,32
dbms,32
data modeling,31
cryptography,31
entry level,31
customer support engineer,31
database servers,31
data integration,31
wordpress cms,31
version control,31
sqoop,30
engineering,30
unix administration,30
project leader,30
sales,30
executive,30
architectural design,30
wordpress developer,30
vb.net,30
api integeration.,30
revit,30
jdk,29
software architect,29
ip networking,29
documentation skills,29
solution architecture,29
it project manager,29
collaboration,29
telecom domain,29
communication,29
internship,29
tcp,29
it projects,28
interiors,28
ooad,28
wsdl,28
finance,28
fortinet,28
nfc,28
google api,28
sketchup,28
opencv,28
cisco nexus,28
flume,28
exceptions,27
composer,27
log4j,27
linux kernel,27
ms access,27
computer teacher,27
unix shell,26
technical leader,26
access management,26
load balancing,26
gsm,26
simulator,26
usb,26
design,26
zend framework,26
business analytics,26
payment gateway,26
moodle,26
osi model,25
network troubleshooting,25
business objects,25
desktop support,25
knockoutjs,25
mentoring,25
it infrastructure,25
troubleshooting skills,25
virtualization,25
system analysis,25
manager,25
cdma,25
dba,25
action,25
issue,25
ssis,25
mca,24
content management system,24
saas,24
vtp,24
hybris,24
vrf,24
jasper,24
network routing,24
software life cycle,24
gap analysis,24
microsoft .net,24
asp .net,24
associate consultant,24
satellite,24
software implementation,24
it strategy,24
recruitment,24
network support,24
reactjs,24
software architecture,24
udp,24
accounting,24
inspection,24
algorithm development,24
sem,23
node js,23
monitoring,23
software documentation,23
it architecture,23
.net developer,23
test automation,23
compliance,23
oracle 11g,23
markup languages,23
automation testing,23
business rules,23
tcl,23
web tools,23
jam,23
website,23
information retrieval,23
team leader,23
vms,23
management systems,22
aop,22
computer application,22
recovery,22
javascript developer,22
ror,22
arm,22
hardware design,22
windbg,22
tibco,22
opengl,22
back end php,22
junior software engineer,22
dash,22
dcom,22
oracle 8i,22
css3,22
oracle sql,22
software programmer,22
system security,22
uat,22
designing,22
vendor management,22
i2c,22
mpls vpn,22
backups,21
lacp,21
solution design,21
adb,21
performance tuning,21
visio,21
iphone sdk,21
emulators,21
server,21
lld,21
wireless,21
data architecture,21
manufacturing,21
java servlets,21
procedures,21
singleton,21
documentation,21
graduate engineer trainee,21
couchdb,21
layer 2,21
web hosting,21
web designer,21
digital marketing,21
requirement analysis,21
netbeans,21
ux design,21
fresher,20
data profiling,20
network printer,20
cuda,20
j2ee architecture,20
isis,20
software installation,20
html java script,20
ipsec vpn,20
client server,20
smtp,20
cisco switches,20
kernel,20
ssrs,20
systems engineer,20
nist,20
oracle pl,20
javascript html5 css,20
multicast,20
clerk,19
requirements management,19
application support,19
erp,19
qa qc english tester,19
xsl,19
delivery manager,19
product delivery,19
data architect,19
test engineer,19
ddl,19
administrator,19
data transformation,19
bpm,19
mobile devices,19
linux server,19
cmp,19
imaging,19
atg,19
react,19
printer,19
rtos,19
digital transformation,19
cisco wireless,19
riverbed,19
dcs,19
sow,19
client management,19
technical leadership,19
debugger,19
reporting analyst,19
computer hardware engineer,18
sap,18
network programming,18
user manual,18
system management,18
microprocessor,18
internet technologies,18
brewing,18
terminal,18
mis executive,18
network connectivity,18
network support engineer,18
asa,18
file system,18
glbp,18
senior software developer,18
reporting,18
networking protocols,18
heroku,18
eclipse ide,18
telecommunication,18
vba,18
linux system administration,18
centos,18
illustrator,18
oscommerce,18
fsd,18
business environment,18
technical specifications,18
compilers,18
cloud,17
dsp,17
time management,17
tester qa qc,17
http,17
corporate sales,17
sql development,17
software integration,17
network management,17
frs,17
bts,17
umts,17
lte,17
vlans,17
wcdma,17
gprs,17
iptv,17
rnc,17
embedded software engineer,17
oracle database,17
ccnp security,17
manual testing,17
training,17
.net c# asp.net,17
collection framework,16
database design,16
deployment,16
advanced excel,16
vehicles,16
firmware,16
sql developer,16
orm,16
ssas,16
osgi,16
typescript,16
user acceptance testing,16
microcontroller,16
.net technologies,16
data communication,16
author,16
mybatis,16
it support,16
network designing,16
data base administration,16
ipv6,16
esb,16
embedded software development,16
business development manager,16
database administration,16
web application,16
react native android ios,16
swing,16
lidar,15
802.1q,15
qa qc tester,15
network deployment,15
pmi,15
photoshop,15
compensation,15
seo,15
talent acquisition,15
cloud storage,15
professional services,15
learning,15
cisco networking,15
fortigate,15
smarty,15
identity management,15
audit,15
solution delivery,15
it skills,15
jstl,15
enterprise security,15
functional design,15
waterfall,15
java api,15
tacacs,15
user documentation,15
business requirement document,15
xpath,15
dml,15
erlang,14
website maintenance,14
program manager,14
autosar,14
project development,14
artificial neural networks,14
radar,14
procurement,14
liferay,14
software project,14
it education,14
desktops,14
system software,14
dreamweaver,14
digital certificates,14
backbone.js,14
jaxb,14
sql queries,14
senior architect,14
esxi,14
it tools,14
metrics,14
associate software engineer,14
business development,14
web design,13
sensors,13
test driven development,13
it business analyst,13
modems,13
application programming,13
linux operating system,13
network analyst,13
springboot,13
banking,13
web application development,13
technical design,13
application architecture,13
ideas,13
jse,13
cctv,13
react js,13
application design,13
rhce,13
work from home,13
technology solutions,13
ensemble,13
jncia,13
php javascript laravel,13
mis,13
wealth management,13
ipv4,13
databases,13
team work,13
software development life cycle,13
webrtc,13
instrumentation,13
supervision,13
broadband,13
interface builder,13
selenium,13
adf,13
business solutions,13
unix scripting,13
mobile developer,13
charts,13
integration testing,13
sql programming,13
macros,13
advanced java j2ee,13
bsp,13
routers,13
operations management,13
assistant,13
solaris,13
campaigns,13
servers,13
front office executive,13
software developing,13
research,13
tester english qa qc,12
cybersecurity,12
database security,12
impact analysis,12
data,12
osi,12
servicenow,12
aem,12
computer assistant,12
system programming,12
spanning tree,12
javafx,12
nextgen,12
remote support,12
uart,12
embedded c,12
delivery management,12
posix,12
software packages,12
mechanical engineering,12
chemist manager,12
chemist,12
chemist analyst,12
presales,12
symbian,12
websphere mq,12
ip routing,12
android java kotlin,12
linux shell scripting,12
rtp,12
front end,12
network architecture,12
test data,12
ms sql server,12
process documentation,12
fabrication,12
service delivery,12
server management,12
tdd,12
cloud analysis,12
technical architecture,12
cisco ios,12
assistant manager operations,12
research analyst,12
metadata,12
release engineering,12
iso,12
network operations,12
cisco certified network associate,12
trainee,12
trunking,12
tally,12
migration,12
recruitment process,12
application management,12
scrum master,12
continuous integration,12
etl tool,12
server support,12
enterprise java,12
full stack,12
data marts,12
teradata,12
individual contributor,11
hardware troubleshooting,11
senior system administrator,11
intern,11
oracle dba,11
apex,11
project engineer,11
nodejs,11
l2 support,11
.net c# sql,11
development,11
iphone developer,11
data protection,11
disaster recovery,11
interpersonal skills,11
l2vpn,11
data governance,11
aerospace,11
itskills,11
tcpdump,11
drools,11
business intelligence tools,11
healthcare,11
dfs,11
infrastructure security,11
esri,11
acls,11
project lead,11
requirement elicitation,11
computer programming,11
device drivers,11
it executive,11
l3vpn,11
documenting requirements,11
technical lead,11
flutter,11
workflow analysis,11
eai,11
ui ux designer,11
windows os,11
drm,11
ddd,11
auto cad,11
olap,11
powershell,11
kotlin,11
prince2,11
it governance,11
ios objective c swift,11
apis,11
devops aws cloud,11
risk management,11
replication,11
patching,11
pharma,11
proposal writing,11
react native,11
windows mobile,11
java se,10
commerce,10
accounts,10
statistical modeling,10
building,10
test scripts,10
system architect,10
microstrategy,10
oracle weblogic server,10
pune,10
workstation,10
api testing,10
flexray,10
resource allocation,10
c# .net,10
android platform,10
electrical,10
machine vision,10
debian,10
system analyst,10
mitigation,10
final year,10
winter,10
freshers,10
tester sql qa qc,10
qa testing,10
system testing,10
agile methodology,10
technical consultant,10
windows administration,10
oracle fusion,10
network devices,10
data centre operation,10
people management,10
process control,10
multisite,10
jasper reports,10
prototyping,10
test scenarios,10
os installation,10
wamp,10
commissioning,10
ember.js,10
it project management,10
software,10
safety standards,10
microsoft windows,10
mobile games,10
assistant accountant,10
cutting,10
ms office,10
pmo,10
network engineering,10
sdp,10
hardware testing,10
signal processing,10
presentation skills,10
it services,10
blackberry,9
ado,9
it sales,9
full stack developer,9
knowhow,9
falcon,9
java concurrency patterns,9
network device drivers,9
cisco technologies,9
dts,9
construction,9
senior level,9
photogrammetry,9
oracle database administrator,9
matrix,9
utility,9
microsoft server,9
tfs,9
jax ws,9
network it security,9
network security,9
voip support,9
lan wan telecommunication,9
infoblox,9
cisco routing,9
fortigate firewall,9
isp,9
l2tp,9
asset management,9
automation,9
siebel,9
cisco certified network professional,9
tds,9
netezza,9
static routing,9
java bean,9
wifi,9
comptia,9
associate,9
web application server,9
brand marketing,9
performance optimization,9
rhel,9
arp,9
ccna security,9
flash,9
xhtml,9
technical writer,9
xaml,9
content writer,9
cpu,9
noc,9
reusable java libraries,9
tftp,9
mcitp,9
process improvement,9
mst,9
hql,9
bigdata,9
protocol suite,9
servlet,9
layer 1,9
admin,9
environment management,9
grails,9
uddi,9
rtcp,9
ethernet,9
icmp,9
adapters,9
project coordination,9
layer 3,9
computer programmer,9
linux server administration,9
wireshark,9
internet protocol,9
sip protocol,9
visualforce,9
agile development,9
innovation,9
gnu,9
customer facing,9
ivr,9
it management,9
advanced analytics,9
legacy system,9
access,9
program architecture,9
augmented reality,9
requirement specification,9
java developer skills,9
performance testing,9
express.js,9
hyper v,9
office 365,9
relational database,9
php mysql laravel,9
dos,9
j2ee developer,9
cloud security,8
.net c# asp.net fresher accepted,8
rfid,8
html developer,8
structs,8
junior developer,8
customer service executive,8
business development executive,8
11g,8
technology management,8
print server,8
client communication,8
mobile application,8
system configuration,8
control system engineer,8
vxworks,8
senior system engineer,8
cooking,8
lifting,8
test equipment,8
javascript reactjs vuejs,8
pattern recognition,8
students,8
driver development,8
sap basis consultant,8
ms outlook,8
qa engineer,8
strategic thinking,8
user acceptance,8
product design,8
bug tracking,8
solution designer,8
system design,8
product roadmap,8
project governance,8
android application,8
regulations,8
javascript nodejs reactjs,8
audit management,8
auditing,8
external audit,8
auditing tax background,8
audit project financing,8
audit group,8
auditing banking domain,8
call quality audits,8
compliance auditing,8
sales executive,8
data mapping,8
quality assurance,8
exective,8
internal audit,8
pharmaceutical,8
ids,8
network installation,8
c# programming,8
operational audit,8
audit report,8
audit planning,8
qa qc agile tester,8
supply chain,8
redux,8
strategy planning,8
audit facilitation,8
civil,8
nfs,8
technical writing,8
ip addressing,8
database developer,8
mcse,8
product development,8
scheduling,8
functional testing,8
time management skills,8
senior database administrator,8
adobe photoshop,8
organization skills,8
travel,7
process mapping,7
implementation engineer,7
emc,7
cloud networking,7
data center,7
iot,7
decision making,7
tester agile qa qc,7
spark,7
crimping,7
xen,7
fortran,7
system maintenance,7
java j2ee spring,7
.net core,7
automation tools,7
itext,7
data backup,7
ldap,7
prestashop,7
software designing,7
wpf,7
computer networks,7
interview,7
object oriented design,7
birt,7
communication protocols,7
oops concepts,7
we require senior full stack php,7
web,7
query optimization,7
checkpoint firewall,7
wsa appliance,7
level 2 network engineer,7
blockchain,7
dataguard,7
cisco l3,7
tensorflow,7
encryption,7
network engineer l2,7
networking engineer,7
ai governance,7
threat analysis,7
user research,7
embedded systems,7
process analyst,7
process management,7
xquery,7
gmp environment,7
defect reporting,7
estimation,7
failure investigations,7
network cabling,7
test management,7
umbraco,7
workforce,7
amazon s3,7
qa qc java tester,7
product implementation,7
installed configur,7
patch,7
technology infrastructure,7
home based job,7
video editing,7
worker of art design,7
photography,7
videography,7
jscript,7
effort estimation,7
mobile security,7
java mysql spring,7
six sigma,7
informatica cloud,7
mcp,7
engineering support,7
designer,7
sql azure,7
computer skills,7
investment banking,7
isr routers,7
user training,7
market,7
frameworks,7
virtual reality,7
business design,7
meraki,7
cisco asr,7
graphic designer,7
mongo db,7
ngrx,7
java j2ee struts,7
java enterprise edition,7
stress testing,7
data scientist,7
alteryx,7
storage management,7
network issues,7
client interaction,7
pim,7
life sciences,7
senior executive,7
google analytics,7
social media,7
power system,7
google map api,7
freeswitch,7
data mining analytics,7
drawing,7
asm,7
sql c#,7
supply chain management,7
scrum,7
mobile apps,7
field engineer,7
design documentation,7
solidity,7
business analyst agile english,7
risk assessment,7
rfi,7
junit testing,7
gdpr,7
assembler,7
ethics,7
java aws spring,6
cloud design,6
threat detection,6
ndt,6
reporting services,6
market research,6
odesk,6
elance,6
rfps,6
mrp system,6
analyze,6
analytics reporting,6
formulas,6
dtp operator,6
business architecture,6
sdwan,6
rounting,6
cse,6
technical specialist,6
penetration testing,6
webdynpro,6
mac os x,6
database engine,6
android testing,6
sap abap,6
oam,6
hss,6
scada,6
core data,6
core animation,6
assistant manager hr,6
technical engineer,6
swtiching,6
quality analyst,6
switch protocol,6
desktop administration,6
windows 98,6
windows platform,6
security solutions,6
asnt,6
design engineer,6
draughtsman,6
network admin,6
bde,6
forecasting,6
front office assistant,6
information developer,6
pathway,6
mpeg,6
java swing,6
wireframes,6
b2b and sales,6
consumer banking,6
principal consultant,6
ccip,6
telerik,6
ab initio,6
team lead,6
business process analysis,6
test management tool,6
isdn,6
bootstrap back end php,6
firefox,6
mobile technology,6
api integeration,6
mobile application testing,6
remote sensing,6
bi developer,6
isl,6
google adwords,6
dwh,6
frame relay,6
frontend,6
bigquery,6
software quality assurance,6
acp,6
oracle erp,6
service management,6
reactjs html5 javascript,6
job for fresher,6
ms office suite,6
cashier,6
mcsa,6
interns,6
business proposals,6
network operations center,6
juniper routers,6
pstn,6
ip subnetting,6
enterprise applications,6
ms exchange,6
leave,6
workflow,6
mcsd,6
linux system administrator,6
snmp,6
barcode,6
server installation,6
virtual private network,6
outlook,6
system installation,6
telecom service,6
mysql db,6
telematics,6
production line,6
ecu,6
oscilloscope,6
electronics,6
safety analysis,6
data acquisition,6
r,6
terminal server,6
nagios,6
redhat,6
ripv2,6
igrp,6
linuxtroubleshooting,6
autosys,6
server side programming,6
softwareengineering,6
technical project manager,6
network software,6
project planning,6
project execution,6
coordination,6
technical architect,6
csm,6
software management,6
manufacturing engineer,6
ftp,6
it engineer,6
apache cordova,6
ui developer,6
jquery ui,6
google maps,6
cms,6
zigbee,6
jprobe,6
weblogic server,6
financial services,6
positive attitude,6
kubernetes,6
remote job for fresher,6
springs,6
plugin customization,6
j son,6
online marketing,6
administration,6
process modeling,6
consulting services,6
android ui,6
clearcase,6
object oriented analysis,6
enterprise architect,6
pharmacovigilance,6
project reports,6
area sales manager,6
ppc,6
remote desktop,6
credit manager,6
civil engineering,6
piping,6
welding,6
abap,6
active directory services,6
windows server os,6
wcf,6
matrix management,6
oss,6
backup recovery,5
index,5
field testing,5
gdb,5
xmpp,5
verbal communication,5
mantis,5
bugzilla,5
documentation tools,5
linux administrator,5
network configuration,5
channel sales,5
hring,5
operational excellence,5
warranty,5
data collection,5
sql scripting,5
linux scripting,5
senior system analyst,5
business process management,5
business process improvement,5
web developing,5
marketing executive,5
java beans,5
nms,5
tomcat,5
application integration,5
java 8,5
tandem,5
good communication skills,5
browser compatibility,5
ccie.,5
facilities datacenter management,5
network services,5
senior it administrator,5
modbus,5
codeignator,5
java sql spring,5
helpdesk support,5
ispf,5
product manager,5
wbs,5
senior project manager,5
risk,5
applets,5
webdevelopment,5
as2,5
hl7,5
it professional,5
m2m,5
vcenter,5
mobile computing,5
mysql database,5
mfc,5
cics,5
db2,5
omegamon,5
jcl,5
sdsf,5
tso,5
ims,5
rexx,5
jes2,5
arcgis,5
ahmedabad,5
iaas,5
genesys,5
troubleshoot,5
asp. net,5
bash scripting,5
business requirements gathering,5
job posting,5
investments,5
conflict resolution,5
pega,5
gif,5
it asset management,5
it hardware,5
office equipment,5
powertrain,5
test engineering,5
erp developer,5
data conversion services,5
data platform engineer,5
crm architect,5
devops linux aws,5
wcs,5
stored procedures,5
it service management,5
bca,5
reactjs javascript react native,5
it operations,5
visual basic,5
project tracking,5
risk mitigation,5
iphone application development,5
implementation specialist,5
gcp,5
fax,5
pc hardware,5
big data analytics,5
sas developer,5
data services,5
shell programming,5
putty,5
customer success,5
oem,5
lead business analyst,5
documentum,5
windows system administration,5
technology,5
software designer,5
marketing campaigns,5
kendo ui,5
service improvement,5
test design,5
application security,5
strong analytical skills,5
.net mvc asp.net,5
cognos,5
hyperion,5
budgeting,5
developing,5
cocoa framework,5
rabbitmq,5
redis,5
visual studio .net,5
vb .net,5
system integration,5
issue management,5
ips,5
technical project management,5
website design engineer,5
responsive design,5
recruitment consultant,5
financial advisor,5
compatibility testing,5
test planning,5
validation testing,5
design management,5
watir,5
prototype,5
boomi,5
axure,5
simulation,5
schematic,5
hardware engineering,5
sound forge,5
j2se,5
cyber security,5
harness,5
power electronics,5
data administration,5
statistical analysis,5
inventory,5
microsoft,5
ms azure,5
wsus,5
good communication,5
java javascript spring,5
codeigniter ecommerce web developer,5
distributed databases,5
project manager agile english,5
reactjs javascript english,5
lex,4
server security,4
server administration,4
windows server administration,4
samba,4
backup management,4
devops.,4
scripting,4
azure synapse,4
azure data lake,4
release engineer,4
oracle dataguard,4
window server,4
requirements,4
rhcss,4
cad,4
vsts,4
python programmer,4
asp.net mvc,4
avr,4
informatica power center,4
migration tools,4
data flow composures,4
keil,4
oracle rac,4
map,4
junior software developer,4
programming languages,4
oracle enterprise manager,4
cortex,4
software applications,4
manage multiple assignments,4
manages computer systems,4
azure data engineer,4
azure analysis services,4
azure data factory,4
java web services,4
enterprise content management,4
build automation,4
ui designer,4
corel draw,4
query ui,4
senior web designer,4
web graphics,4
web analytics,4
message queue,4
end to end software,4
solutions architect,4
es6,4
jasmine,4
database analysis,4
datastage,4
c# sql .net,4
cq5,4
ood,4
angular 8,4
angular material,4
rxjs,4
lamp stack,4
oracle bd,4
angular 2,4
postgress,4
visual source safe,4
sco,4
visual studio.net,4
web standards,4
application server,4
spreadsheets,4
elastic seach,4
aerospike,4
node,4
.net full stack developer with angular and microservices core java with spring,4
react .js,4
xml jquery,4
sql databases,4
unity c# games,4
social services,4
angular.js,4
jvm internals,4
web storage,4
mern stack,4
graphic designing,4
laptop,4
orcad,4
assembling,4
experion,4
distributed control system,4
license,4
controls engineer,4
business analyst english,4
php sql laravel,4
functional analysis,4
pre sales support,4
business case development,4
reactjs javascript angular,4
part time job,4
odata,4
porttitor varius,4
communication system,4
iphone development,4
engineering services,4
group policy,4
cisco ucs,4
network topologies,4
exchange server,4
mechatronics,4
operations manager,4
wiring,4
account management,4
forge,4
technical director,4
senior consultant,4
bug reporting,4
java frameworks,4
mumbai,4
trade,4
skill,4
back office operations,4
sales manager,4
jboss,4
home based work,4
brf,4
php mysql oop,4
project engineering,4
project engineering management,4
windows 10,4
dhcp server,4
test procedures,4
core java c ++,4
microser,4
blackberry development,4
marketing for software products,4
new technologies,4
existing software,4
javaoracle,4
tibco rendezvous,4
jboss application server,4
icm,4
xml schema,4
uc4,4
software project management,4
apache pig,4
sql oracle,4
lean,4
sap basis,4
hana,4
solution manager,4
ecc,4
idoc,4
data migration,4
cold calling,4
reactjs javascript vuejs,4
javaweb services,4
sterling commerce,4
jmeter,4
ftl,4
java applets,4
jrules,4
senior associate,4
senior analyst,4
codeigniter framework,4
javascript.,4
writing test cases,4
navi mumbai,4
data developer,4
technical associate,4
marketing manager,4
perl python,4
r programming language,4
sql administration,4
production data analysis,4
remote job,4
remote access,4
flutter developer,4
software test,4
visual interdev,4
ionic,4
business consulting,4
mapinfo,4
monthly reports,4
payment gateways,4
cmmi,4
modeling,4
app development,4
effective communication,4
placement,4
processing,4
mobile testing,4
tax,4
maximo,4
java oop spring,4
correspondent,4
power tools,4
search engine optimization,4
search engine marketing,4
internet marketing,4
it students,4
java spring,4
value added services programming,4
security algorithms,4
wireless networks,4
wireless network,4
acceptance testing,4
wireless lan,4
computer faculty,4
map reduce,4
biometrics,4
wsn,4
wireless sensor networks,4
ns2,4
network specialist,4
closing,4
data structure,4
biztalk,4
protocol stack,4
cucumber,4
network hardware components,4
protecting data,4
recovery operations,4
cvs,4
api development,4
os internals,4
windows azure,4
retrofit,4
rxjava,4
quality code,4
security policies,4
reactjs css javascript,4
iis,4
php html5 javascript,4
personal loans,4
credit cards,4
insurance,4
paas,4
software support,4
wireframing,4
stress,4
language proficiency,4
angular reactjs vuejs,4
subnetting,4
nodejs javascript reactjs,4
build,4
cidr,4
php mysql,4
nss,4
service catalog,4
project implementation,4
project initiation,4
jni,4
flask,4
project transition,4
tornado,4
financial management,4
aix,4
etl developer,4
odbc,4
gcc,4
infrastructure engineering,4
sdn,4
infrastructure setup,4
zabbix,4
gcp data engineers,4
gcp services,4
process migration,4
physics,4
migration process,4
sql.,4
system integrators,4
ms visio,4
user support,4
student,4
dql,4
3par,4
security infrastructure,4
cloud architecture,4
proxy server,3
devsecops,3
customer service,3
scsa,3
oltp,3
activity diagram,3
flowchart,3
power bi,3
scrum agile,3
python sql aws,3
procurement analysis,3
pricing,3
pic,3
wireless protocols,3
system software development,3
it support system admin networking,3
databricks,3
big data technologies,3
uds,3
awr,3
mysql server,3
stake hold management,3
kanban,3
technology operations,3
jquary,3
it recruitment,3
data typing,3
php developing,3
engineering manager,3
loading,3
microsoft project plan,3
capm,3
appian,3
action plan,3
analysis design,3
e2e,3
mail server,3
fiber optics,3
mac os,3
switches,3
hardware maintenance,3
system optimization,3
system selection advice,3
level ii,3
senior test engineer,3
tester,3
software test engineer,3
service level,3
process orientation,3
implement technology,3
analyze functional,3
ui ux html5 designer,3
configuring routers,3
otdr,3
network device,3
mrtg,3
ldp,3
asa firewall,3
ccsa,3
android java kotlin fresher accepted,3
python django reactjs,3
presentation,3
domain expert,3
application developement,3
understanding the business objective. analytical and critical thinking. communication and interpersonal skills,3
business analyst product manager english,3
ftp server,3
dns server,3
network planning,3
windows forms,3
knowledge about react,3
zencart,3
selling,3
gui design,3
regression testing,3
load testing,3
pvst,3
erp implementation,3
video codecs,3
android application developer,3
mstp,3
access list,3
port security,3
voice over ip,3
room database,3
layouts and views,3
getting data,3
network maintenance,3
computer equipment,3
routing and switching,3
shredder,3
copiers,3
windows networking,3
qa qc english tester fresher accepted,3
product marketing,3
vsphere,3
python database sql,3
firewall configuration,3
security engineer,3
juniper firewall,3
android matrial design,3
communication skills.android developer.java,3
radio frequency,3
json.knowledge of the general mobile landscape,3
windows sdk,3
mobile technologies,3
adt,3
product manager agile project manager,3
ccnp routing,3
dwdm,3
fiber,3
network design,3
sonet,3
hardware configuration,3
proxy,3
improving application,3
digital communication,3
mechanical electrical engineering,3
mechanical construction,3
condition monitoring vibration analysis,3
dcm,3
webmethods,3
vb script,3
ui ux agile designer,3
aicc,3
pega prpc,3
sharepoint server,3
business analyst database sql,3
project documentation,3
amdocs,3
financial planning,3
router configuration,3
software analyst,3
software analysis,3
reactjs javascript,3
epm,3
java c++ .net,3
application architect,3
core banking product core banking solutions,3
business solution,3
solutions design,3
leadtechnical architect,3
techniques and processes,3
system and data security,3
kentico,3
materialdesign,3
android apps development,3
fig,3
case processing,3
icsr,3
qlik sense,3
component testing,3
leadership hiring,3
predictive modeling,3
talent management,3
performance management,3
data entry job,3
employee engagement,3
variance analysis,3
executive engineer,3
reactjs javascript nodejs,3
test case creation,3
plc,3
softwa,3
tester qa qc fresher accepted,3
business intelligence reporting,3
spss,3
lan security,3
networking products,3
isdn pri,3
information security,3
waiver by the government,3
contractor personnel,3
time series analysis,3
advance excel,3
tracking,3
organizing,3
tableu,3
mis reports,3
data analysts,3
creative thinking,3
pharmacy,3
argus,3
tableau developer,3
hardworking,3
deo,3
warranty manager,3
flood data,3
hands on technical troubleshooting,3
and network performance analysis,3
proven network engineering,3
fundamental knowledge of networking concepts,3
opening,3
tester sql,3
costing,3
qa qc sql tester fresher accepted,3
testing types,3
testing services,3
software architecture design,3
t architecture,3
aif,3
microsoft dynamics,3
morphx,3
microsoft dynamics ax,3
methodologies,3
languages,3
software quality,3
human computer interaction,3
testing practices,3
vouchers,3
tax compliance,3
gst,3
cisa,3
ceh,3
security consultant,3
dss,3
web testing,3
infovista,3
ssc,3
hsc,3
packing materials,3
packing,3
nt administration,3
windows 2003,3
visualizing data,3
reconciliation,3
terminal services,3
wins,3
edc,3
technology leadership,3
intranet,3
enterprise architecture,3
togaf,3
isam,3
delivery,3
power generation,3
engagement manager,3
ndk,3
lighthouse,3
execution,3
analytical development,3
defect tracking,3
ethical hacker,3
code review,3
core java j2ee,3
security testing,3
responsive,3
automated unit testing,3
gtp,3
apache server,3
mercurial,3
parallax,3
ansible,3
college project,3
account assistant,3
cm tools,3
systems engineering,3
architecture frameworks,3
clinical research,3
clinical,3
application deployment,3
gitlab,3
power quality,3
schneider,3
electrical engineering,3
process builder,3
jncis,3
testlink,3
testingtools,3
bug tracking tool,3
selenium webdriver,3
product specifications,3
system training,3
enhancements,3
relationship building,3
process design,3
devops cloud,3
project manager english manager,3
product manager ui ux business analyst,3
fdd,3
business process modeling,3
client handling,3
brocade,3
javascript html5 reactjs,3
rockwell,3
logicdesign,3
test and implement technology solutions,3
smes,3
qlikview,3
msbi,3
pentaho,3
sap bo,3
service implementation,3
it outsourcing,3
trainee software engineer,3
senior accountant,3
maintenance engineer,3
content creator,3
management methodologies,3
angular html5 css,3
java full stack,3
soap apis,3
angular 2+,3
spring 4.x,3
my sql.nosql,3
sdlc framework,3
oracle server,3
itk,3
html5 css reactjs,3
data reports,3
prioritize business,3
application lifecycle management,3
aws cloud,3
system hardware,3
manager operations,3
business process mapping,3
proposal preparation,3
prolog,3
pandas,3
trainer,3
access technolog,3
javascript nodejs reactjs fresher accepted,3
assistant manager it,3
data centre management,3
pcb,3
inverter,3
supervisor,3
configuration manager,3
process re engineering,3
online earning job,3
preference will be given to candidate residing in lonavala or who is ready to shift to lonavala,3
ddr,3
functional safety,3
circuits,3
manufacturing process,3
software services,3
native apis,3
tight integrations,3
front end modules,3
code for robustness,3
offline marketing,3
consumer behavior,3
marketing budget,3
predictive analytics,3
text analytics,3
erwin,3
interior design,3
ado .net,3
full stack web developer,3
qa lead,3
fpga,3
pcb layout,3
cadence allegro,3
bios,3
part time online jobs,3
desktop publishing,3
sql server development,3
website designing,3
coreldraw,3
adobe after effects,3
cases,3
web documentation,3
web based marketing,3
css developer,3
par time job for freshers,3
stickers,3
office procedures,3
administrative activities,3
office administrator,3
clerical support,3
resource management,3
asp .net c#,3
logos,3
coupons,3
dfd,3
embedded linux c language fresher accepted,3
java python scala,3
pgsql,3
tester java qa qc,3
mips,3
image editing,3
various stages,3
.programmers,3
web develope,3
visualstudio,3
process analysis,3
terraform,3
sqldatabase,3
database architecture,3
sql database administrator,3
database migration,3
addm,3
database analyst,3
rfis,3
intellij idea,3
quality,3
network management system,3
cloning,3
gps,3
32 bit microcontrollers,3
computer engineer,3
ffmpeg,3
bom,3
matlab,3
ldom,3
digitization,3
java sql .net,3
database sql english,3
oracle fusion middleware,3
cifs,3
windows active directory,3
outlook configuration,3
veeam,3
hypervisor,3
windows vista,3
remote administration,3
expdp,3
impdp,3
volunteer,3
performance evaluation,3
process engineering,3
user experience,3
key account management,3
strategic planning,3
business management,3
user interface development,3
oracle sql developer,3
career development,3
outlookexpress,3
autocad,3
linear programming,3
agile methodologies,3
etl development,3
idq,3
pyspark,3
spark sql,3
business analyst.business analysis,2
kvm,2
windows cluster,2
vmware virtualization,2
gpo,2
desktop management,2
dsm,2
hiring,2
kubespray,2
argo cd,2
spinnaker.io,2
cd pipelines,2
helm creation,2
dns management,2
cacti,2
file server,2
ssl,2
pivot table,2
high performance computing,2
fedora,2
datacap,2
embedded c++ c language fresher accepted,2
catia v5,2
ios android swift,2
printer support,2
ad migration,2
windows debugging,2
log files,2
client facing,2
reactjs javascript blockchain,2
proposals,2
deliver project reports,2
qa qc manager,2
problem solving aptitude,2
natural languageprocessing,2
productionenvironment,2
businessdesign,2
hci,2
kubernetes yaml,2
dockerfile,2
iac,2
elk,2
aws eks,2
multitasking,2
software deployment,2
epabx,2
cyberoam,2
contracts,2
civil engineer,2
distribution projects,2
mis manager,2
datapump,2
ubuntu linux,2
network automation,2
windows scripting,2
linux networking,2
softwaredelivery,2
golang,2
software defects,2
knowledge of technology,2
golden gate,2
exadata,2
performance monitoring,2
database architect,2
log shipping,2
java python php,2
production grade,2
storage systems,2
infrastructure engineer,2
infrastructuresetup,2
openedge,2
perl scripting,2
unix system administration,2
oracle support,2
script language,2
sqlprogramming,2
securitydesign,2
design thinking,2
bpmn,2
azure cloud,2
text mining,2
database sql oracle,2
strong personality,2
solution integration,2
perlautomation,2
revenue recognition,2
intrusion detection,2
iptables,2
.net c# javascript,2
asp.net c# .net,2
cfa,2
sales team,2
macromedia dreamweaver,2
web developing web desiging,2
rdlc,2
junior web designer,2
projections,2
collection,2
media strategy,2
strategic marketing,2
content marketing,2
smo,2
devops engineer,2
devops consultant,2
ui framework,2
cd tools,2
marketing skills,2
agency manager,2
website manager,2
typing speed,2
copywriting online jobs,2
best online jobs for students,2
coading,2
web controls,2
websitedesigning,2
django develeoper,2
head devops,2
release manager,2
devops other,2
site reliability engineer,2
devops manager,2
nodejs javascript reactjs fresher accepted,2
webapi,2
asp .net c# sql,2
cost,2
time,2
scope,2
data entry online work at home,2
back office,2
i2s,2
board support package,2
embedded firmware,2
embedded linux,2
python programming,2
django programming,2
django programmer,2
python developer,2
android java ios,2
cloud development,2
oracle ar,2
bim coordinator,2
admininstration,2
aix system admininstration,2
micro controller,2
sensor,2
reactjs javascript jquery,2
frontend developer,2
nodejs sql javascript,2
electrical troubleshooting,2
automotive testing,2
xendesktop,2
citrix xendesktop,2
vehicle testing,2
natural gas,2
industrial networking,2
trend micro,2
domain controller,2
antivirus server,2
control system,2
converter,2
electronics engineer,2
mcts,2
facility engineer,2
implementation manager,2
repair,2
structural design,2
nfpa,2
switchgear,2
transmission,2
electrical engineer,2
server maintenance,2
wsus server,2
plant operations,2
ergonomics,2
emc smarts,2
failure analysis,2
process automation,2
tps,2
plc system,2
technical services,2
hmi programming,2
networking skills,2
simulation models,2
iec,2
microsoft certified professional,2
end user support,2
microsoft certified it professional,2
dataengineer,2
sales enablement,2
php css javascript,2
analog electronics,2
l2 engineer,2
server engineer,2
controls engineering,2
siemens,2
hazop,2
siemens plc,2
system programmer,2
businessprocess improvement,2
instruments,2
control valves,2
system engineer smpp,2
flutter development,2
fullstack,2
gui development,2
java python database,2
vf services,2
continue performance,2
usually business,2
controls design,2
plcs,2
human machine interface,2
hmi,2
scada system,2
system support,2
hardware support,2
antivirus management,2
vehicle management,2
mapping,2
sap hr,2
hydraulics,2
windows 8,2
data flow,2
data engineers,2
ascential datastage,2
digital signal processing,2
telecom engineering,2
keil ide,2
embedded development,2
eeprom,2
mobile application developmnet,2
ata architecture.,2
machine learning.,2
operating system.,2
coding.,2
amp,2
avionics testing,2
unix administrator,2
electronic technician,2
curl,2
development activities,2
engineering operations,2
.net c# angular,2
performance measurement,2
dia analytical,2
law,2
vetting,2
system monitoring,2
monitoring tools,2
host,2
ciscoucs,2
application system engineer,2
software systems engineer,2
aircraft maintenance,2
senior manager dba,2
execute marketing strategies,2
market place work,2
own to product development,2
data platform,2
nx nastran,2
thermal analysis,2
model development,2
vibration,2
server configuration,2
application software,2
business analyst product manager,2
java reactjs angular,2
java sql j2ee,2
web solutions,2
it asset,2
knowledge of networking,2
incident,2
incident management,2
service request management,2
business engineering,2
bscs,2
windows applications,2
cism,2
remote work for fresher,2
win32,2
telecombss,2
conducting integration,2
cash management,2
database python cloud,2
defect management,2
product portfolio,2
market share,2
dlp,2
siem,2
telecom bss,2
oracle soa,2
voice recognition,2
database application,2
data management,2
international clients,2
lead generation,2
construction document,2
3d rendering,2
bim,2
rhino,2
.net html5 c# fresher accepted,2
bidding,2
online bidding,2
management reporting,2
line manager,2
expand smerp,2
sqlmaestros,2
application maintenance,2
using source control,2
helmfiles,2
implementing navigation,2
fix bugs,2
mentor graphics,2
snowflake,2
sccm,2
business partner,2
android framework engineer,2
employee benefits,2
functional consultant,2
maya,2
develop deliverable,2
data validation,2
information system,2
verification,2
digital advertising,2
oracle warehouse builder,2
game development,2
unity3d,2
microsoft.net,2
application testing,2
andriod studio,2
process definition,2
oms,2
retail domain,2
softwaremanagement,2
softwaredeveloper,2
. net,2
python ecommerce web developer fulltime,2
ul coding,2
digital design,2
layout,2
circuit design,2
pads,2
qml,2
basic c c ++,2
reviewing deliverables,2
vcs,2
commercial experience,2
product manager agile english,2
reactjs agile javascript,2
test plan creation,2
dynatrace,2
technology lead,2
business continuity,2
software quality testing,2
appium,2
component selection,2
linux kernel internals,2
wireless communication,2
android ui design,2
jenkins.android developer,2
bluetooth low energy,2
game developer,2
object,2
self,2
motivated,2
android app,2
nfv,2
vuejs html5 javascript,2
alm,2
agile model,2
building mobile applications,2
design ios,2
correct bottlenecks,2
ios sdk.,2
vhdl,2
user interaction,2
software engineer trainee,2
integration developer,2
fme,2
impact analyses,2
interconnect,2
caa,2
ado.net entity framework,2
computer graphics,2
nand,2
enterprise application integration,2
programming language,2
business insights,2
product testing,2
creating mobile applications,2
design guidelines,2
contribute to the design,2
technical,2
swift. problem solving ability,2
ios back end services,2
swiftui,2
tvos,2
x code,2
call processing,2
java agile spring,2
golang nodejs java fresher accepted,2
business analyst english qa qc,2
nodejs mysql javascript,2
business analyst project manager qa qc,2
python reactjs golang,2
applications,2
apples design,2
iphone simulator,2
device driver development,2
distribution network,2
deployment engineer,2
ec2,2
dll,2
defect analysis,2
logging,2
android application testing,2
swift.developing ios applications,2
mplab ide,2
atmel,2
proteus,2
windows communication foundation,2
demand generation,2
corporate marketing,2
b2b marketing,2
global marketing,2
branding,2
negotiation,2
ios mac objective c or swift,2
good computer fundamentals,2
ensure continuity of the application,2
ios developers,2
organization,2
php javascript laravel fresher accepted,2
mobile communication,2
ipod,2
webkit,2
iphone application developer,2
ios developer.level c based libraries,2
execute client specific interfaces,2
code quality,2
automated testing,2
agile software development,2
database handling,2
flutter android ios,2
tester english,2
codefresh,2
circleci,2
devops practices,2
effective communication skills,2
learning management,2
python aws scala,2
nlp,2
senior data scientist,2
ibm db2,2
senior java developer,2
advanced j2ee,2
activiti,2
project objectives,2
project configuration,2
sas access,2
web analysis,2
develop applications,2
debug and modify,2
business lead,2
product presentation,2
channel distribution,2
zoho,2
manager product manager english,2
bfsi,2
ecmascript and jsx,2
js basics,2
developing a product,2
excellent knowledge,2
django domains,2
network analysis,2
electronic circuits,2
digital image,2
amazon web services aws,2
online sales,2
basic coding,2
basics of python,2
computer network,2
infrastructure management,2
.net database sql,2
ms office toolset,2
profit,2
market intelligence,2
market analysis,2
project analysis,2
flux or redux,2
react. js,2
project tools specific,2
cash flow,2
cash flow management,2
problem management,2
itil framework,2
technology development,2
confidence,2
willingness to learn,2
project manager agile scrum,2
corrective action,2
ites,2
itsm,2
python linux c++,2
asap,2
erp consulting,2
systems analysts,2
project workflow,2
measurement,2
fibre,2
lan hardware,2
unit testing code,2
technical direction,2
testing application,2
service desk,2
staffing,2
hr policies,2
operations management it,2
customer engagement,2
delivery excellence,2
project review,2
technical assistance,2
disciplinary action,2
telesales,2
client development,2
client relationships,2
voip testing,2
developing advanced applications,2
agile project management,2
microsoft project server,2
project management office,2
system admin linux english,2
oracle database sql,2
unity c# games fresher accepted,2
business analyst agile,2
defining technology,2
peoplemanagement,2
meaningful contribution,2
lead consultant,2
application center,2
infrastructure project management,2
service delivery management,2
client engagement,2
project portfolio management,2
construction projects,2
project handling,2
java mysql javascript,2
wealth,2
investment products,2
java spring kotlin,2
flutter ui ux,2
lead team,2
teamlead,2
sdlc methodologies,2
new project estimation,2
qa qc sql tester,2
ui ux english designer,2
project control,2
project scheduling,2
systemprogramming,2
vim,2
php html5 javascript fresher accepted,2
react native android ios fresher accepted,2
java mvc spring,2
senior ui designer,2
phpbb,2
sugarcrm,2
web application developer,2
html5 css javascript fresher accepted,2
product manager project manager business analyst,2
java english spring,2
match,2
h lookup,2
nodejs html5 javascript,2
junior php developer,2
java scripts,2
laravel devloper,2
codiegnetor,2
web security,2
mvc design,2
software product development,2
graphics programming,2
popular js frame,2
java mail,2
containerization docker,2
micro services,2
concatenate,2
pivot,2
countif,2
data models,2
python system engineer c++,2
sonicwall,2
web graphic designer,2
senior programmer,2
javascript reactjs,2
ui ux english,2
qa qc tester fresher accepted,2
ios objective c swift fresher accepted,2
php nodejs golang,2
web application software,2
php laravel zend,2
wli,2
planning and research,2
pagemaker,2
safe,2
business analyst or ba,2
database python sql,2
structured search,2
business processes,2
salesforce business analyst,2
remote job for freshers,2
it support english networking,2
struts framework,2
graphql,2
solr,2
sringboot,2
algorithm,2
telecom protocols,2
datastructures,2
software engg,2
web server,2
data analyst tech lead,2
senior data analyst,2
java sql spring fresher accepted,2
windows nt,2
continuous improvement,2
end to end responsibility,2
customer centric action,2
infrastructure as a code,2
continuous deployment.,2
spring data jpa,2
database mysql oracle,2
android ios,2
play,2
dagger,2
native coding,2
applications aimed,2
android design,2
edp,2
vmotion,2
coroutine,2
urgent,2
android app developer,2
lead developer,2
debug web applications.,2
php laravel,2
business analyst ui ux,2
python django,2
business analyst mysql data analyst,2
sfdc,2
demandware,2
team leader css reactjs,2
team leader python golang,2
nodejs python golang,2
asp.net mvc .net,2
java j2ee spring fresher accepted,2
restful apis.,2
mvc architecture.,2
laravel php framework.,2
mongodb databases.,2
java8,2
application packaging,2
tibco ems,2
module leader,2
java software architect javascript,2
java spring angular fresher accepted,2
qa qc python tester,2
nodejs javascript php,2
electrical supervisor,2
electrical maintenance,2
senior process associate,2
office mgmt,2
reactjs angular vuejs,2
python linux sql,2
java python nodejs,2
business analyst qa qc,2
datacenter,2
software estimation,2
process data,2
machine leraning,2
gujarat,2
data cleaning,2
java linux spring,2
angular javascript reactjs,2
system engineer aws cloud,2
jlpt,2
.net nodejs java,2
php python mysql,2
historical database,2
mobile app,2
tester team leader qa qc,2
fast learner,2
software tester,2
senior systems engineer,2
enginreeing,2
equipment hiring,2
human resource specialists,2
system engineer system admin networking,2
naturopaths,2
social media marketing,2
12th passcomputer operatordata entryhome based workfreelancerfreshersgraduatebbab.comm.comb.commbabtechhouse wivesstudents,2
financila reporting,2
mis reporting,2
finanacial analysis,2
financial analyst,2
technical understanding,2
desktop hardware,2
technical support analyst,2
warehouse logistics,2
annuities,2
mutual funds,2
accounts executive,2
bdm,2
key account manager,2
seo specialist,2
seo executive,2
smm,2
fresher data entry students graduate admin computer operator office assistant front office executive customer service executive,2
sourcing strategy,2
qa qc agile tester fresher accepted,2
relationship executive,2
relationship manager,2
desktop research,2
database inclusion,2
assistant professor,2
tester business analyst qa qc,2
medical secretaries,2
chiropractors,2
cardiovascular technologists,2
neurologists,2
speech pathologists,2
genetic counselors,2
devops linux system admin,2
research associate,2
benefits,2
appraisal,2
organizational development,2
online internet marketing,2
googleadwords,2
webmaster tools,2
digital,2
ui ux css designer,2
hr operations,2
employee relations,2
data security analysis,2
online job from home,2
business analyst agile ui ux,2
job for freshers,2
good organisational skill,2
ability to cope with fast paced and pressured work,2
strong attention to detail and a strong analytical mind.,2
science,2
political science,2
history,2
international relations,2
flutter android react native,2
wordpress html5 css,2
magento english php,2
php mysql javascript,2
report builder,2
ui ux product manager designer,2
designer html5 ui ux,2
java python golang fresher accepted,2
logistics management,2
logistics network,2
devops python aws,2
java mysql spring fresher accepted,2
php mysql laravel fresher accepted,2
inventory control,2
solidworks,2
it analysis,2
java python javascript,2
reactjs nodejs fresher accepted,2
laptop support,2
ticketing tools,1
it service desk,1
security consulting,1
product manager english manager,1
embedded software architect,1
c language english,1
oop javascript react native,1
django python jquery,1
java oop .net fresher accepted,1
project manager c language embedded,1
team leader c language embedded,1
java javascript cloud fresher accepted,1
veritas,1
home base work,1
java english aws,1
java c++ android,1
java mysql c#,1
reactjs nodejs,1
c++ linux,1
typing work,1
data collector,1
remote jobs,1
system admininstration,1
itil process,1
hp data protector,1
active directory administration,1
iscsi,1
netapp storage,1
vmware vcenter,1
virtual machine,1
business analyst sql fresher accepted,1
magento html5 css,1
javascript html5 angular,1
ruby on rails mysql aws,1
ruby on rails nodejs php,1
devops linux cloud,1
java ruby spring,1
business analyst project manager,1
python database cloud fresher accepted,1
qa qc tester blockchain,1
ios android flutter,1
business analyst ui ux sql,1
react native java android,1
java nodejs golang,1
php java aws,1
java c++ c language,1
javascript html5 php,1
java json j2ee,1
c language linux,1
.net mysql mvc,1
reactjs nodejs php,1
golang python blockchain,1
golang python reactjs,1
tester qa qc blockchain,1
php manager laravel,1
reactjs html5 nodejs,1
business analyst sql nosql fresher accepted,1
golang c++ java,1
java mvc spring fresher accepted,1
qa qc scrum,1
java software architect spring,1
flutter android ios fresher accepted,1
asp.net c# mvc,1
python mysql sql,1
react native javascript android,1
business analyst database data analyst,1
product manager project manager manager,1
manager agile project manager,1
kotlin java android,1
.net c# english fresher accepted,1
project manager product manager scrum,1
business analyst agile english fresher accepted,1
.net reactjs angular,1
python reactjs angular,1
java english,1
.net c# database,1
flutter english ios,1
nodejs javascript,1
java spring angular,1
angularjs css javascript,1
php team leader aws,1
php team leader laravel,1
javascript j2ee java,1
java oracle spring,1
.net asp.net,1
react native html5 javascript,1
data analyst sql aws,1
wordpress php designer,1
angular angularjs javascript,1
angularjs css reactjs,1
php c# javascript,1
c# mysql oracle,1
javascript php .net,1
mysql reactjs aws,1
php javascript wordpress fresher accepted,1
objective c swift,1
javascript mysql nodejs,1
golang mysql java,1
python java reactjs,1
qa qc nodejs tester,1
php laravel vuejs,1
php wordpress drupal,1
java english angular,1
unity c# designer,1
nodejs php laravel,1
javascript react native flutter,1
c# mysql sql,1
cloud linux database,1
nodejs java,1
linux system engineer system admin,1
tester java,1
python django aws,1
database sql .net,1
networking linux cloud,1
devops mysql aws,1
.net software architect,1
nodejs reactjs angular,1
java erp english,1
tester embedded qa qc,1
c++ linux embedded,1
ruby ruby on rails golang,1
android java ios fresher accepted,1
system admin linux cloud,1
sql database postgresql,1
php english,1
php html5 nodejs fresher accepted,1
product manager database business analyst,1
python java golang fresher accepted,1
project manager bridge engineer team leader,1
android swift kotlin,1
ios json swift,1
nodejs php react native,1
system engineer team leader manager,1
qa qc sql java fresher accepted,1
project manager english business analyst,1
blockchain python java fresher accepted,1
php html5 css,1
business analyst database sql fresher accepted,1
.net sharepoint reactjs,1
ruby ruby on rails aws,1
nodejs mysql reactjs,1
ui ux wordpress designer,1
reactjs aws,1
.net html5 css,1
java android kotlin,1
reactjs javascript .net fresher accepted,1
spring mysql java,1
angular html5 agile,1
ui ux agile team leader,1
system engineer database cloud,1
agile sql tester,1
python c# ruby,1
python nodejs php,1
ecommerce,1
magento 2,1
php java golang,1
tester c# java,1
sql mysql nosql,1
ruby ruby on rails,1
asp.net reactjs .net,1
networking system engineer system admin,1
.net mysql c#,1
.net c#,1
project manager software architect manager,1
qa qc python c#,1
golang python mysql,1
java oracle spring fresher accepted,1
reactjs python .net fresher accepted,1
unity c# oop fresher accepted,1
nodejs php golang,1
asp.net c# sql fresher accepted,1
html5 css,1
erp c# .net,1
reactjs javascript java,1
sql agile english,1
nodejs database team leader,1
nodejs mysql database,1
java database spring fresher accepted,1
business analyst database erp,1
new business development,1
reactjs javascript vuejs fresher accepted,1
nodejs python database,1
php python mysql fresher accepted,1
tester business analyst qa qc fresher accepted,1
nodejs reactjs react native,1
.net mvc sql,1
reactjs html5 javascript fresher accepted,1
manager project manager blockchain,1
tester games qa qc fresher accepted,1
sap database erp,1
c++ c language designer fresher accepted,1
data analyst c# team leader,1
php english aws,1
angular agile javascript,1
sql database it support fresher accepted,1
boosting,1
multi threaded programming,1
java english j2ee fresher accepted,1
embedded c++ c language,1
qa qc games tester,1
project manager english embedded,1
ruby python postgresql,1
vuejs css nodejs,1
python javascript nodejs,1
asp.net oracle .net,1
agile english scrum,1
java python sql,1
java json javascript,1
python linux cloud,1
php nodejs laravel,1
javascript angularjs,1
unity ui ux games,1
java css asp.net,1
.net python c#,1
magento javascript angular,1
team leader asp.net .net,1
react native reactjs .net,1
product manager project manager asp.net,1
asp.net team leader .net,1
golang python java,1
system admin it support networking,1
nodejs javascript aws fresher accepted,1
java jquery spring,1
java database,1
android java cloud,1
android hybrid kotlin,1
networking c++ golang,1
ruby ruby on rails reactjs,1
devops python system engineer,1
it specialist,1
security audits,1
cloud architect,1
computer trainer,1
cloud solutions,1
b2b,1
b2c,1
ruby python ruby on rails,1
.net javascript asp.net fresher accepted,1
angular nodejs reactjs,1
kafka,1
inventory management,1
postgres,1
ruby on rails ruby reactjs fresher accepted,1
business analyst sql qa qc fresher accepted,1
android kotlin flutter,1
javascript css reactjs,1
vuejs javascript nodejs,1
nodejs database golang,1
networking linux system admin fresher accepted,1
ios oop android fresher accepted,1
ios objective c android fresher accepted,1
angularjs javascript reactjs,1
data analyst database manager fresher accepted,1
sap erp java,1
javascript nodejs vuejs fresher accepted,1
javascript c# .net,1
.net java asp.net,1
qa qc team leader tester,1
ios android react native,1
vuejs javascript reactjs,1
c++ asp.net .net,1
java javascript .net,1
.net c++ java,1
hybrid javascript react native,1
devops java cloud fresher accepted,1
ios android flutter fresher accepted,1
data analyst python agile,1
devops nodejs aws,1
project manager team leader manager,1
php python ruby on rails,1
devops agile cloud,1
c# asp.net .net,1
devops linux fresher accepted,1
angularjs reactjs angular fresher accepted,1
java python c# fresher accepted,1
php sql javascript,1
database sql,1
training needs,1
business analyst java qa qc,1
python postgresql reactjs,1
devops linux system engineer,1
back end developer,1
c++ c language embedded,1
asp.net c# english,1
tester agile english,1
java sql english,1
esx,1
svmotion,1
java javascript spring fresher accepted,1
project manager manager scrum,1
python mysql linux,1
aws mysql,1
etrm,1
qa qc ui ux tester,1
java reactjs spring,1
php wordpress designer,1
salesforce administrator,1
ksh,1
project manager business analyst scrum,1
it support team leader networking,1
php mysql scrum,1
qa qc tester ios,1
application solutions,1
front end developer,1
team developer,1
games unity c++ fresher accepted,1
php mysql magento,1
react native javascript ios,1
php c# laravel,1
reactjs ui ux javascript,1
java php .net,1
project manager team leader scrum,1
java english reactjs,1
react native javascript kotlin,1
.net javascript reactjs,1
java javascript nodejs,1
.net mysql sql fresher accepted,1
p2v converter,1
android developement,1
client interface,1
leadership,1
etl tools,1
technical communication,1
client meetings,1
demonstrations,1
requirment gathering,1
computing,1
elt,1
vnet,1
articulate,1
python english scala,1
html5 css javascript,1
java mysql .net,1
wintel,1
java spring cloud fresher accepted,1
qa qc json tester,1
database mysql sql,1
product manager manager business analyst,1
reactjs .net,1
wordpress html5 javascript,1
nodejs javascript react native fresher accepted,1
agile project manager business analyst,1
devops aws,1
react native swift flutter,1
golang drupal aws,1
onsite training,1
data verification,1
hr systems,1
experience on systems like workday,1
app,1
.net c# mvc,1
java drupal reactjs,1
python database business analyst fresher accepted,1
python javascript erp,1
php mysql react native,1
java oop sql,1
.net c# team leader,1
software professional,1
business analyst sql data analyst,1
python java cloud,1
english agile,1
nodejs mysql games,1
swift kotlin,1
java networking android,1
tester software architect qa qc,1
blockchain golang,1
or data analysis,1
ruby ruby on rails react native,1
product manager agile ui ux,1
business generation,1
direct marketing,1
technical sales,1
business developer,1
data sources,1
writen oral communication,1
market research analyst,1
wire framing,1
database python postgresql,1
python html5 javascript fresher accepted,1
strong to decode,1
system engineer it support networking,1
it support networking business analyst,1
php nodejs,1
java mvc javascript,1
reactjs python ruby,1
java tester qa qc fresher accepted,1
java c# linux fresher accepted,1
java javascript c language,1
it support system engineer networking,1
javascript sql php fresher accepted,1
software architect nodejs manager,1
javascript html5 css fresher accepted,1
business analyst mysql qa qc fresher accepted,1
business analyst data analyst fresher accepted,1
.net javascript fresher accepted,1
p c ba reinsurance,1
reinsurance,1
p c insurance,1
reactjs angularjs vuejs fresher accepted,1
english ruby on rails ruby,1
ruby on rails ruby english,1
blockchain nodejs reactjs,1
golang python sql fresher accepted,1
career domain,1
ict business analyst,1
codeigneitor,1
rest apis,1
amqp,1
expressjs,1
strong programming,1
learn and update oneself,1
nodejs reactjs vuejs fresher accepted,1
unity c# flutter,1
golang python nodejs,1
python ruby golang,1
sql python database,1
reactjs nodejs english,1
business analyst tester qa qc,1
restapi,1
c# javascript react native,1
it service delivery,1
it development,1
projectplanning,1
msp,1
etom,1
app developer,1
sme,1
ios android swift fresher accepted,1
nodejs css reactjs,1
python django nodejs,1
issues management,1
certified scrum master,1
stakeholder management,1
dms,1
engineering management,1
php scripting,1
ruby on rails html5 css fresher accepted,1
java oop j2ee fresher accepted,1
java sql scala,1
reactjs javascript spring,1
.net english asp.net,1
spring struts,1
business analyst ui ux english,1
.net c# reactjs,1
java postgresql spring fresher accepted,1
scrum agile product manager,1
delivery head,1
coordination of design members,1
project analyst,1
scale information,1
qa qc python tester fresher accepted,1
c language c++ embedded fresher accepted,1
english data analyst,1
plan for developing it applications,1
it deployment,1
infrastructure architecture,1
security service standards,1
data center projects,1
site infrastructure,1
solar projects,1
solar site project manager,1
change control,1
cloudthing,1
project controlling,1
python sql,1
ios json fresher accepted,1
ios android fresher accepted,1
linux system engineer c language fresher accepted,1
devops python golang,1
java team leader spring,1
business analyst blockchain scrum,1
qa qc tester scrum fresher accepted,1
vuejs nodejs flutter fresher accepted,1
ios flutter,1
tester ui ux,1
manager program,1
database python english,1
communications management,1
c++ oop .net,1
nodejs json aws,1
scrum english project manager,1
angular nodejs english,1
angular html5 javascript,1
product manager ui ux,1
nodejs aws angular,1
java oop nosql,1
delivery methodology,1
itil,1
service delivery manager,1
sap project manager,1
sap implementation,1
baan,1
technical consultancy,1
project support,1
ruby on rails php,1
ios android kotlin,1
php mysql nodejs fresher accepted,1
php mvc laravel,1
programming skills,1
defect life cycle,1
multi threading,1
microservices architecture,1
account manager,1
accountant assistant,1
sales officer,1
asana basecamp,1
xls,1
tester ui ux qa qc,1
software architect aws cloud,1
manager product manager project manager fresher accepted,1
campaign management,1
customer management,1
customer interfacing,1
infrastructure services,1
it director,1
projectmanagement,1
php english laravel,1
epc,1
construction management,1
delivery lead,1
digital media,1
branded content,1
exceptional analytical,1
mobile app development,1
live projects,1
it support system engineer oracle,1
maintenance of applications,1
android programmers,1
power distribution,1
microstation,1
bridges,1
highways,1
contractor,1
transition management,1
it trainer,1
nodejs devops vuejs fresher accepted,1
technical assiestant,1
project architect,1
interior designing,1
machine testing,1
android framework,1
android developer.,1
customization,1
erp python mysql,1
it support system admin,1
.net c# vuejs,1
.net sql vuejs,1
c# mysql .net,1
digital initiatives,1
javascript python django,1
business analyst database,1
.net java php,1
python database cloud,1
business analyst english data analyst fresher accepted,1
salesforce crm,1
activex,1
wap,1
software tools,1
material planning,1
js developer,1
software fixes react,1
fixes react native,1
e2e project coordination,1
employee satisfaction,1
lateral hiring,1
employee referral,1
internal hiring,1
creo,1
associate engineer,1
capacity management,1
ms project,1
powerpoint,1
project work,1
itil certified,1
restful web services,1
process engineer,1
plm,1
nodejs aws react native,1
python java scala,1
database python mysql,1
php python laravel,1
react native reactjs vuejs,1
product manager project manager,1
embedded c language fresher accepted,1
php wordpress .net,1
java mysql linux,1
product manager ui ux business analyst fresher accepted,1
c# asp.net .net fresher accepted,1
mysql sql oracle fresher accepted,1
vuejs css reactjs,1
media player,1
subversion,1
traceability matrix,1
implemented business,1
performing detailed,1
npm,1
sun solaris,1
business events,1
transition,1
react.js workflows,1
jsx,1
reactjs development,1
huge plus,1
drawer navigator,1
protractor,1
angular unit testing,1
rtm,1
nodejs sql english,1
data analyst database blockchain,1
golang python java fresher accepted,1
business analyst ui ux qa qc,1
team leader tester,1
python aws data analyst,1
nodejs mysql blockchain,1
nodejs database postgresql,1
nodejs mysql php,1
.net c# erp,1
java mysql nodejs,1
reactjs react native vuejs fresher accepted,1
erp it support,1
mysql business analyst,1
software architect manager,1
ui ux android ios,1
android app development,1
ios platforms,1
oca,1
senior developer,1
node. js,1
understanding of javascript libraries,1
building data analytics,1
ruby on rails,1
product analytics,1
react native app,1
dom,1
android native,1
ios native,1
virtual dom,1
c developer,1
tester english data analyst,1
database python system engineer,1
project manager erp business analyst,1
project manager agile scrum fresher accepted,1
android english ios,1
golang team leader django,1
javascript css,1
ruby on rails python aws,1
project manager javascript java,1
team leader javascript java,1
golang postgresql english,1
cloud sql english,1
.net sql asp.net,1
nodejs postgresql javascript,1
nodejs mysql php fresher accepted,1
reactjs react native angular fresher accepted,1
project manager product manager manager,1
sap system engineer english,1
actuator,1
marketing initiatives,1
reactjs html5 css,1
tester javascript java,1
javascript english angular,1
macromedia flash,1
c# json unity,1
database python blockchain,1
tester japanese qa qc,1
java mysql reactjs,1
android kotlin,1
ios java android fresher accepted,1
tester mysql sql,1
data analyst system engineer sql,1
ui ux team leader designer,1
erp system engineer .net,1
database system engineer sql,1
cloud software architect english,1
.net english,1
java oop games,1
c# english .net,1
business analyst sql english,1
php mysql javascript fresher accepted,1
c# nodejs asp.net,1
java team leader reactjs,1
games html5 unity fresher accepted,1
javascript mysql reactjs,1
java mysql sql,1
networking system engineer erp,1
php nodejs laravel fresher accepted,1
team leader nodejs java,1
java nodejs .net fresher accepted,1
nodejs reactjs golang,1
tester english qa qc fresher accepted,1
nodejs angularjs angular fresher accepted,1
c# python c++,1
java python c++,1
ios swift,1
project manager swift kotlin,1
manager product manager .net,1
kernel programming,1
understanding on core java,1
java technologies,1
code reviews,1
sla management,1
java sql angular,1
gtk,1
mks,1
datapower,1
netware,1
novell,1
analyst programmer,1
js frameworks,1
debug,1
devops system engineer english,1
c language c++ english,1
devops agile english,1
sales management,1
risks associated,1
android development tools,1
transmission systems,1
tester business analyst fresher accepted,1
tester agile java,1
tester qa qc cloud,1
.net sql angular fresher accepted,1
css html5 magento,1
sql database it support,1
php oop wordpress,1
linux c++ embedded,1
tester c# qa qc fresher accepted,1
c# c++ .net,1
tool engineering,1
circuit designing,1
security maintenance,1
hardware networking,1
business analyst agile database,1
scala python sql,1
informix,1
sharepoint designer,1
nintex,1
kenan,1
3gpp,1
cti,1
genesys framework,1
aws software architect cloud,1
n tier,1
vss,1
.net framework,1
visual c#,1
data integrity,1
arm controller,1
java golang,1
product manager agile,1
qa qc data analyst,1
xml technologies,1
white box testing,1
informatica mdm,1
informatica developer,1
iseries,1
400,1
ile,1
ss7,1
dialogic,1
computing skills,1
embedded hardware,1
jtag,1
oracle adf,1
aprimo,1
dtd,1
vectorcast,1
asp.net c#,1
testable code,1
install software solutions,1
net,1
communication engineering,1
design verification,1
ieee,1
bmc remedy,1
siteminder,1
cost engineer,1
planning engineer,1
appdynamics,1
user interface testing,1
automation tester,1
automation framework,1
coldfusion,1
structural engineering,1
ibm integration bus,1
seeburger,1
shell,1
linux internals,1
reactjs nodejs java fresher accepted,1
ui ux business analyst,1
xamarin c#,1
manager english project manager,1
qa qc java golang,1
senior telecommunication,1
test case preparation,1
protocol testing,1
mobile handset testing,1
mule esb,1
installshield,1
hvac,1
pcie,1
emi,1
layout design,1
technical knowledge,1
safety systems,1
eagle,1
protel,1
java mysql oracle,1
sql erp java fresher accepted,1
android json kotlin,1
c# project manager .net,1
asp.net c# java,1
java python .net,1
.net c# aws,1
games unity cocos,1
rhcsa,1
usability testing,1
highly performance oriented,1
financial market,1
.net c# cloud,1
python sql cloud,1
system engineer system admin,1
golang python,1
golang java .net,1
solution architecting,1
test strategy,1
test tools,1
robot framework,1
prototype development,1
root cause,1
root cause analysis,1
azure sql,1
angular 6+,1
nodejs java php,1
product manager team leader manager,1
gerber,1
signal integrity,1
electronics engineering,1
high voltage,1
workshop,1
ics,1
digital illustration,1
xilinx,1
canoe,1
verilog,1
java css reactjs,1
it delivery,1
immigration,1
hybrid framework,1
must have experience on kotlin,1
mtech,1
b.tech,1
saas integration,1
sdio,1
third party api integration.,1
mvvm architecture,1
ui automation,1
b2b sales,1
excellent customer service,1
define product,1
kinaxis,1
azure storage,1
azure logic apps,1
advanced technical skills,1
serving as a liaison,1
system verilog,1
cloud linux networking,1
oracle mysql database,1
php javascript jquery,1
php magento laravel,1
devops python java fresher accepted,1
.net mysql html5,1
java c++ blockchain,1
photo editing,1
indesign,1
oracle rdbms,1
pms,1
understanding of various businesses,1
gui,1
nodejs database devops fresher accepted,1
cloud nodejs aws,1
tester sql qa qc fresher accepted,1
services,1
disassambaled,1
desktop assambaled,1
rtl design,1
javascript nodejs manager,1
.net c# nodejs,1
javascript css wordpress,1
manager english it support,1
remote infrastructure,1
salesforce solution,1
customer interaction,1
oracle technical,1
practice manager,1
reactjs angular fresher accepted,1
data analyst team leader english,1
composition,1
software architect mysql .net,1
php nodejs reactjs,1
qa qc javascript java,1
angular database javascript,1
python postgresql erp fresher accepted,1
transaction,1
work on revit,1
ifs fsm architech,1
ifs fsm,1
vdi,1
integration server,1
fullstack developer,1
java javascript,1
linux programming,1
solutions engineering,1
qa qc python,1
nodejs postgresql blockchain,1
expertise in autocad designing and detailing,1
detailing,1
leadership qualities,1
test reporting,1
android automotive,1
qnx,1
gathering information,1
angular developer,1
or equivalent with programming,1
java database nodejs,1
c language c++ embedded,1
nodejs mysql nosql,1
project manager product manager erp,1
data analyst tester qa qc,1
vuejs javascript,1
business analyst qa qc fresher accepted,1
.net c# nodejs fresher accepted,1
php mysql reactjs,1
python postgresql java,1
react native javascript,1
sql database nosql,1
games html5 javascript,1
business analyst mysql agile,1
python django jquery,1
java python devops,1
python flutter fresher accepted,1
edi,1
product management,1
system engineer html5 qa qc,1
react native reactjs fresher accepted,1
.net aws,1
project manager japanese english,1
knowledge of python,1
developing android,1
nodejs java reactjs,1
python django php,1
oracle sql asp.net fresher accepted,1
product manager english project manager,1
investment management,1
financial markets,1
surveillance,1
802.11,1
aps,1
docsis,1
vuejs mysql reactjs,1
javascript python .net fresher accepted,1
transaction monitoring,1
risk control,1
trading,1
business process reengineering,1
ms degree in computer science,1
android software architect kotlin,1
angular ui ux javascript,1
business analyst agile team leader,1
tester database qa qc,1
php reactjs vuejs,1
business analyst database tester,1
cloud software architect aws fresher accepted,1
php nodejs english,1
ruby nodejs java fresher accepted,1
oracle sql postgresql,1
reactjs team leader javascript,1
cloud system engineer system admin fresher accepted,1
nodejs mysql,1
golang java aws,1
nodejs mysql javascript fresher accepted,1
vuejs javascript reactjs fresher accepted,1
tester erp it support,1
ui ux css reactjs,1
aws system admin devops,1
php laravel angular,1
database python qa qc,1
nodejs postgresql nosql,1
.net c# games,1
unity sql games fresher accepted,1
reactjs mysql php fresher accepted,1
java .net golang fresher accepted,1
competitive pay,1
hrd,1
dart,1
sdk,1
third party api,1
flutter widget,1
google play,1
elk and data visualisation tools,1
java php golang fresher accepted,1
mysql python,1
ui ux sharepoint agile,1
english it support,1
cloud python mysql,1
c# java,1
project manager english,1
embedded,1
microcontrollers,1
logic design,1
java html5 css,1
ruby on rails javascript aws,1
java javascript angular,1
nodejs agile json fresher accepted,1
fault finding,1
technical expert,1
advanced c,1
embedded system design,1
embedded system programming,1
javascript nodejs golang fresher accepted,1
iar,1
firmware development,1
business analyst system engineer product manager,1
designer ui ux,1
microcontroller programming,1
business analyst english sap,1
javascript html5 games,1
games html5 javascript fresher accepted,1
jpeg,1
sql cloud,1
objective c java swift,1
computer operations,1
devops c# java,1
tester javascript qa qc,1
security products,1
senior project engineer,1
embedded developer,1
embedded engineer,1
485,1
tester games qa qc,1
budget design,1
hard working,1
pleasing personality,1
designing and working drawings,1
revit software,1
m.arch,1
b.arch,1
data analyst database,1
mysql python java fresher accepted,1
product manager ui ux project manager,1
automotive embedded systems,1
code composer studio,1
microchip,1
react native javascript android fresher accepted,1
php javascript java,1
framework,1
figma,1
embedded software developer,1
inter process communication,1
8051,1
usart,1
rs232,1
can,1
rs485,1
spi,1
android ui ux java,1
java android ios fresher accepted,1
c++ mysql networking,1
business analyst erp project manager fresher accepted,1
python database erp fresher accepted,1
wordpress html5 php fresher accepted,1
golang nodejs java,1
unreal,1
application performance.unity3d,1
ux designs,1
secure applications,1
interfaces to a servers,1
product manager system engineer project manager,1
asp.net nodejs,1
ios android,1
project manager agile manager,1
technical presentation,1
use case,1
game programmer,1
ux designer,1
user interface designing,1
typography,1
wsad,1
node.js.,1
vuejs html5 css,1
react native android flutter,1
python java php,1
flutter php fresher accepted,1
reactjs php fresher accepted,1
system engineer system admin english,1
java c# vuejs,1
golang python fresher accepted,1
python golang fresher accepted,1
sap english it support,1
business analyst agile project manager,1
java json spring fresher accepted,1
c++ linux networking fresher accepted,1
css mysql laravel fresher accepted,1
.net c# java,1
project scope documentation,1
business analystlead,1
microservice,1
jerkins,1
workflow diagram,1
srs,1
documentation skills.sow,1
cicd pipeline,1
cash,1
bank reconciliation,1
data clustering,1
good learning capabilities,1
user reserch,1
ui design,1
visual design,1
online work,1
online job,1
intern based job,1
remote jobs for freshers,1
php reactjs laravel fresher accepted,1
.netcore,1
nhibernate,1
wcf services,1
oojs concept,1
wince,1
lcd,1
razor,1
web based application development,1
english mysql ui ux,1
nodejs sharepoint,1
english cloud scrum,1
silverlight,1
asp.net developer,1
team leader nodejs kotlin,1
.net sql javascript fresher accepted,1
software architect .net aws,1
sql mysql database,1
react native ui ux flutter fresher accepted,1
business analyst erp tester,1
designer ui ux games,1
games designer,1
flutter react native,1
dot net core,1
software development methodologies,1
distributed systems,1
large scale distributed,1
ios devices,1
capital market,1
requirement analyst,1
scope documentation,1
non voice process,1
data entry operation,1
back office processing,1
backend,1
computer operating,1
helm charts,1
business analyst lead,1
build effective relationships,1
analyst domain,1
conducting research,1
red hat,1
eucalyptus,1
prism,1
cloud python java,1
angular javascript reactjs fresher accepted,1
nodejs mysql oop fresher accepted,1
c language linux embedded,1
games project manager designer,1
php mysql nodejs,1
dotnet,1
java j2ee oracle,1
html5 css wordpress,1
java sql javascript,1
python html5 javascript,1
retail lending,1
business administration,1
business associate,1
anova,1
derivatives,1
finance manager,1
cost analysis,1
accounting knowledge,1
sales process,1
technical presentations,1
project scope,1
qualitative research,1
loan origination,1
retail banking,1
frm,1
evaluate expansion,1
business units,1
strategic priorities,1
user guide,1
enhance our integration,1
android javascript ios fresher accepted,1
managing the project,1
collecting data,1
business modeling,1
designing few element,1
reparing the manuals,1
corporate lending,1
banking loan,1
kyc,1
consumer finance,1
loans,1
operational risk,1
aml,1
companys strategic,1
venture capitalists,1
investment bankers,1
episerver,1
asp.net c# javascript,1
cms framework,1
client server framework,1
digital imaging,1
development testing,1
implement solutions,1
smoke testing,1
legal,1
global operations,1
technical writing skills,1
salesforce product,1
corporate banking,1
go getter,1
software sales,1
relationship management,1
coordinating with the clients,1
high level of accuracy,1
analytical,1
laravel aws vuejs fresher accepted,1
tester agile manager,1
javascript mysql php,1
php javascript drupal fresher accepted,1
python mysql database fresher accepted,1
java nodejs php,1
python linux django,1
android react native flutter,1
devops python linux,1
react native javascript reactjs fresher accepted,1
detail oriented,1
chartered accountant,1
java linux c++,1
system engineer linux networking,1
system engineer system admin cloud,1
optimization problems,1
scipting,1
arm templates,1
azure devops,1
support analyst,1
c++ linux c language fresher accepted,1
c++ python linux,1
business analyst erp english,1
android oop java,1
general accounting,1
excel sheet,1
payment collection,1
sales targets,1
templates,1
preparing the manuals,1
database consultant,1
solution consulting,1
bpc,1
idocs,1
sap functional consultant,1
liquidity management,1
perform uat,1
reporting skills,1
sales support,1
business consultant,1
customer relation,1
marketing strategy,1
dealing,1
project maintenance,1
production manager,1
stock,1
sql profiler,1
database maintenance,1
cmmi framework,1
mvc2 architecture,1
.net javascript java fresher accepted,1
.net sql oracle,1
javascript reactjs react native,1
.net agile scrum,1
database technologies,1
db refresh activity,1
integrity and sql,1
excellent knowledge of data backup,1
advanced knowledge of database structure,1
implementation consultant,1
hp ux,1
apps dba,1
enterprise manager,1
sql plus,1
database administrator dba,1
data administrator,1
oracle db,1
blended process,1
non voice,1
excutive,1
cce,1
database tuning,1
sql server administration,1
edp analyst,1
tkprof,1
oracle environment,1
wmi,1
cobol,1
oracle apps,1
oracle apps dba,1
unix commands,1
shell scripts,1
water supply,1
client coordination,1
project resources,1
message broker,1
mediator,1
experience in blockchain design,1
fixed income,1
requirementspecification,1
upgradation,1
oracle apex,1
database creation,1
toad,1
ssms,1
spring postgresql java,1
system admin linux oracle,1
java css php,1
php database english,1
.net sql java,1
nodejs sql nosql,1
scrum agile project manager,1
tester agile android,1
java oracle .net,1
qa qc agile scrum,1
java c language .net,1
arcsde,1
imp,1
oracle workflow,1
oracle reports,1
manage the budget,1
appropriate person,1
situations outside,1
survey,1
road construction,1
tendering,1
mirroring,1
sql server dba,1
sql tuning,1
sql server database administrator,1
data warehouse analyst,1
transaction advisory,1
mechanical engineer,1
operations,1
database scripts,1
oracle administration,1
capability building,1
housekeeping,1
industrial,1
mechanical,1
civil site engineer,1
construction operations,1
admin staff,1
admin executive,1
office manager,1
branch manager,1
branch operations manager,1
lotus notes,1
arbor,1
farm manager,1
product specialist,1
water distribution,1
motors,1
water,1
water management,1
mep,1
structural,1
design coordination,1
site supervision,1
civil works,1
corporate manager,1
regional sales manager,1
manager projects,1
capacity building,1
ppp project,1
project transactions,1
drug safety,1
talent engagement,1
coordinate internal resources,1
manage a detailed,1
enterprise mobility,1
cpg,1
customer relationship,1
team development,1
owner,1
ceo,1
general manager,1
mis analyst,1
direct sales executive,1
branch administration,1
horticulture,1
farm management,1
filtration,1
manufacturing engineering,1
project management plans,1
supplier quality,1
quality engineering,1
apqp,1
supplier development,1
preventive maintenance,1
project commissioning,1
corrective maintenance,1
engineering department,1
cgmp,1
medical affairs,1
clinical trials,1
regulatory affairs,1
customer relationship management,1
client satisfaction,1
netsuite,1
ads,1
commercial vehicle,1
vehicle dynamics,1
cost reduction initiatives,1
line leader,1
motion control,1
cost reduction projects,1
plant machinery,1
handling as in charge,1
operation maintenance,1
financial control,1
consultancy,1
maintain daily track,1
manages client expectation,1
succession planning,1
talent development,1
finance executive,1
statutory,1
capex,1
java javascript reactjs,1
python sql english,1
c# unity games,1
javascript agile nodejs,1
ios javascript swift,1
laravel linux sql,1
java oop oracle,1
coordinate the construction sites,1
expenses,1
chemical engineering,1
incorporate new tasks,1
strategic thinker,1
windows installation,1
python java cloud fresher accepted,1
amazon ec2,1
project costing,1
project estimation,1
adaptability.,1
communication.,1
organization. ... honesty. ... competency. ... work ethic.,1
individuals to achieve a goal. ... problem solving. ... leadership. .,1
e2e project,1
product manager agile scrum,1
cloud java aws,1
java team leader javascript,1
blockchain business analyst aws,1
python devops,1
client communications,1
cost accounting,1
outlook express,1
data recovery,1
awk,1
business analyst agile manager,1
contract security,1
nastran,1
abaqus,1
cae,1
hypermesh,1
proactive to suggest,1
conceptual thinking skills,1
java javascript english,1
team leader android ios,1
tester python java,1
python database data analyst,1
spring team leader java,1
drs,1
vmware vsphere,1
directory services,1
mariadb,1
devops .net aws,1
tester agile qa qc fresher accepted,1
cloud devops aws,1
english product manager scrum,1
java angularjs spring fresher accepted,1
android mysql java,1
manager english,1
ansys,1
catia 5,1
catia,1
infrastructure technology,1
user creation,1
data structures.,1
specialization,1
tester c language embedded fresher accepted,1
java aws kotlin,1
python java spring fresher accepted,1
cryptography.,1
blockchain architecture,1
blockchain instructor,1
blockchain development,1
red hat enterprise linux,1
server migration,1
lvm,1
nis,1
ruby on rails reactjs aws,1
installation configuration computer systems,1
business analyst ui ux product manager fresher accepted,1
software architect c# c language,1
product manager business analyst,1
designer english,1
software architect aws spring,1
hyperledger,1
nodejs react native fresher accepted,1
c++,1
support,1
ux research,1
procurement coordination,1
cloud migration,1
java javascript manager,1
hacking,1
networking problems,1
software issues,1
hardware malfunctions,1
